hour,rides,date,day_name,day_of_week,hour_of_day,is_weekend,is_federal_holiday,temperature_c,precipitation_mm,snowfall_cm,wind_speed_kmh
2024-01-01 00:00:00,1898,2024-01-01,Monday,0,0,False,True,1.9,0.0,0.0,6.3
2024-01-01 01:00:00,2326,2024-01-01,Monday,0,1,False,True,1.8,0.0,0.0,8.9
2024-01-01 02:00:00,1929,2024-01-01,Monday,0,2,False,True,2.8,0.0,0.0,11.4
2024-01-01 03:00:00,1095,2024-01-01,Monday,0,3,False,True,2.9,0.0,0.0,9.7
2024-01-01 04:00:00,649,2024-01-01,Monday,0,4,False,True,2.8,0.0,0.0,8.1
2024-01-01 05:00:00,378,2024-01-01,Monday,0,5,False,True,0.7,0.0,0.0,7.5
2024-01-01 06:00:00,404,2024-01-01,Monday,0,6,False,True,0.2,0.0,0.0,8.6
2024-01-01 07:00:00,459,2024-01-01,Monday,0,7,False,True,1.5,0.0,0.0,3.7
2024-01-01 08:00:00,643,2024-01-01,Monday,0,8,False,True,1.9,0.0,0.0,5.0
2024-01-01 09:00:00,1072,2024-01-01,Monday,0,9,False,True,3.2,0.0,0.0,4.7
2024-01-01 10:00:00,1591,2024-01-01,Monday,0,10,False,True,3.8,0.0,0.0,5.0
2024-01-01 11:00:00,2372,2024-01-01,Monday,0,11,False,True,4.7,0.0,0.0,6.8
2024-01-01 12:00:00,3157,2024-01-01,Monday,0,12,False,True,5.6,0.0,0.0,6.5
2024-01-01 13:00:00,3605,2024-01-01,Monday,0,13,False,True,6.7,0.0,0.0,6.2
2024-01-01 14:00:00,4143,2024-01-01,Monday,0,14,False,True,7.7,0.0,0.0,8.2
2024-01-01 15:00:00,4342,2024-01-01,Monday,0,15,False,True,7.5,0.0,0.0,8.6
2024-01-01 16:00:00,4079,2024-01-01,Monday,0,16,False,True,7.3,0.0,0.0,8.9
2024-01-01 17:00:00,3214,2024-01-01,Monday,0,17,False,True,7.0,0.0,0.0,8.0
2024-01-01 18:00:00,2701,2024-01-01,Monday,0,18,False,True,4.8,0.0,0.0,6.8
2024-01-01 19:00:00,2172,2024-01-01,Monday,0,19,False,True,3.3,0.0,0.0,7.1
2024-01-01 20:00:00,1719,2024-01-01,Monday,0,20,False,True,2.0,0.0,0.0,7.1
2024-01-01 21:00:00,1460,2024-01-01,Monday,0,21,False,True,2.2,0.0,0.0,11.2
2024-01-01 22:00:00,1004,2024-01-01,Monday,0,22,False,True,1.7,0.0,0.0,13.7
2024-01-01 23:00:00,781,2024-01-01,Monday,0,23,False,True,0.7,0.0,0.0,14.3
2024-01-02 00:00:00,451,2024-01-02,Tuesday,1,0,False,False,-0.3,0.0,0.0,13.7
2024-01-02 01:00:00,274,2024-01-02,Tuesday,1,1,False,False,-1.1,0.0,0.0,12.8
2024-01-02 02:00:00,185,2024-01-02,Tuesday,1,2,False,False,-1.8,0.0,0.0,12.4
2024-01-02 03:00:00,119,2024-01-02,Tuesday,1,3,False,False,-2.2,0.0,0.0,10.8
2024-01-02 04:00:00,168,2024-01-02,Tuesday,1,4,False,False,-2.8,0.0,0.0,9.7
2024-01-02 05:00:00,635,2024-01-02,Tuesday,1,5,False,False,-3.4,0.0,0.0,8.8
2024-01-02 06:00:00,1802,2024-01-02,Tuesday,1,6,False,False,-3.9,0.0,0.0,8.4
2024-01-02 07:00:00,3687,2024-01-02,Tuesday,1,7,False,False,-4.2,0.0,0.0,7.0
2024-01-02 08:00:00,5255,2024-01-02,Tuesday,1,8,False,False,-4.6,0.0,0.0,6.4
2024-01-02 09:00:00,3642,2024-01-02,Tuesday,1,9,False,False,-2.8,0.0,0.0,8.1
2024-01-02 10:00:00,2562,2024-01-02,Tuesday,1,10,False,False,-0.9,0.0,0.0,9.0
2024-01-02 11:00:00,2836,2024-01-02,Tuesday,1,11,False,False,0.6,0.0,0.0,9.6
2024-01-02 12:00:00,3193,2024-01-02,Tuesday,1,12,False,False,2.2,0.0,0.0,9.2
2024-01-02 13:00:00,3594,2024-01-02,Tuesday,1,13,False,False,3.7,0.0,0.0,9.9
2024-01-02 14:00:00,4272,2024-01-02,Tuesday,1,14,False,False,4.8,0.0,0.0,10.8
2024-01-02 15:00:00,5011,2024-01-02,Tuesday,1,15,False,False,5.6,0.0,0.0,12.0
2024-01-02 16:00:00,5799,2024-01-02,Tuesday,1,16,False,False,5.7,0.0,0.0,11.8
2024-01-02 17:00:00,6957,2024-01-02,Tuesday,1,17,False,False,4.9,0.0,0.0,7.7
2024-01-02 18:00:00,5990,2024-01-02,Tuesday,1,18,False,False,1.5,0.0,0.0,9.6
2024-01-02 19:00:00,4123,2024-01-02,Tuesday,1,19,False,False,0.4,0.0,0.0,9.7
2024-01-02 20:00:00,2860,2024-01-02,Tuesday,1,20,False,False,0.0,0.0,0.0,7.6
2024-01-02 21:00:00,2092,2024-01-02,Tuesday,1,21,False,False,-0.1,0.0,0.0,7.6
2024-01-02 22:00:00,1517,2024-01-02,Tuesday,1,22,False,False,-0.6,0.0,0.0,8.5
2024-01-02 23:00:00,1003,2024-01-02,Tuesday,1,23,False,False,-0.6,0.0,0.0,8.6
2024-01-03 00:00:00,590,2024-01-03,Wednesday,2,0,False,False,-1.1,0.0,0.0,7.8
2024-01-03 01:00:00,329,2024-01-03,Wednesday,2,1,False,False,-1.5,0.0,0.0,8.0
2024-01-03 02:00:00,202,2024-01-03,Wednesday,2,2,False,False,-1.6,0.0,0.0,8.8
2024-01-03 03:00:00,134,2024-01-03,Wednesday,2,3,False,False,-2.0,0.0,0.0,8.0
2024-01-03 04:00:00,178,2024-01-03,Wednesday,2,4,False,False,-2.2,0.0,0.0,8.0
2024-01-03 05:00:00,749,2024-01-03,Wednesday,2,5,False,False,-2.3,0.0,0.0,8.0
2024-01-03 06:00:00,2086,2024-01-03,Wednesday,2,6,False,False,-2.2,0.0,0.0,8.0
2024-01-03 07:00:00,4401,2024-01-03,Wednesday,2,7,False,False,-2.1,0.0,0.0,7.6
2024-01-03 08:00:00,6520,2024-01-03,Wednesday,2,8,False,False,-1.9,0.0,0.0,7.7
2024-01-03 09:00:00,4543,2024-01-03,Wednesday,2,9,False,False,-0.6,0.0,0.0,9.8
2024-01-03 10:00:00,3175,2024-01-03,Wednesday,2,10,False,False,1.1,0.0,0.0,9.4
2024-01-03 11:00:00,3242,2024-01-03,Wednesday,2,11,False,False,3.0,0.0,0.0,10.2
2024-01-03 12:00:00,3695,2024-01-03,Wednesday,2,12,False,False,4.4,0.0,0.0,9.7
2024-01-03 13:00:00,3947,2024-01-03,Wednesday,2,13,False,False,5.4,0.0,0.0,10.7
2024-01-03 14:00:00,4619,2024-01-03,Wednesday,2,14,False,False,7.7,0.0,0.0,13.3
2024-01-03 15:00:00,5050,2024-01-03,Wednesday,2,15,False,False,7.4,0.0,0.0,13.3
2024-01-03 16:00:00,5909,2024-01-03,Wednesday,2,16,False,False,7.3,0.0,0.0,10.3
2024-01-03 17:00:00,7472,2024-01-03,Wednesday,2,17,False,False,5.9,0.0,0.0,8.9
2024-01-03 18:00:00,6613,2024-01-03,Wednesday,2,18,False,False,3.6,0.0,0.0,14.4
2024-01-03 19:00:00,4544,2024-01-03,Wednesday,2,19,False,False,3.1,0.0,0.0,13.0
2024-01-03 20:00:00,3077,2024-01-03,Wednesday,2,20,False,False,2.0,0.0,0.0,8.6
2024-01-03 21:00:00,2298,2024-01-03,Wednesday,2,21,False,False,1.7,0.0,0.0,8.2
2024-01-03 22:00:00,1830,2024-01-03,Wednesday,2,22,False,False,0.6,0.0,0.0,5.8
2024-01-03 23:00:00,1237,2024-01-03,Wednesday,2,23,False,False,-0.6,0.0,0.0,8.0
2024-01-04 00:00:00,707,2024-01-04,Thursday,3,0,False,False,-0.1,0.0,0.0,4.9
2024-01-04 01:00:00,318,2024-01-04,Thursday,3,1,False,False,0.9,0.0,0.0,4.3
2024-01-04 02:00:00,234,2024-01-04,Thursday,3,2,False,False,0.9,0.0,0.0,2.4
2024-01-04 03:00:00,161,2024-01-04,Thursday,3,3,False,False,0.8,0.0,0.0,4.3
2024-01-04 04:00:00,234,2024-01-04,Thursday,3,4,False,False,0.4,0.0,0.0,3.7
2024-01-04 05:00:00,730,2024-01-04,Thursday,3,5,False,False,0.3,0.0,0.0,5.8
2024-01-04 06:00:00,2192,2024-01-04,Thursday,3,6,False,False,0.7,0.0,0.0,5.7
2024-01-04 07:00:00,4501,2024-01-04,Thursday,3,7,False,False,0.5,0.0,0.0,5.3
2024-01-04 08:00:00,6833,2024-01-04,Thursday,3,8,False,False,0.6,0.0,0.0,5.7
2024-01-04 09:00:00,4789,2024-01-04,Thursday,3,9,False,False,1.1,0.0,0.0,4.2
2024-01-04 10:00:00,3245,2024-01-04,Thursday,3,10,False,False,2.3,0.0,0.0,7.5
2024-01-04 11:00:00,3147,2024-01-04,Thursday,3,11,False,False,3.9,0.0,0.0,7.6
2024-01-04 12:00:00,3689,2024-01-04,Thursday,3,12,False,False,5.7,0.0,0.0,16.4
2024-01-04 13:00:00,3818,2024-01-04,Thursday,3,13,False,False,6.8,0.0,0.0,23.1
2024-01-04 14:00:00,4549,2024-01-04,Thursday,3,14,False,False,6.8,0.0,0.0,25.8
2024-01-04 15:00:00,5270,2024-01-04,Thursday,3,15,False,False,6.4,0.0,0.0,26.9
2024-01-04 16:00:00,6197,2024-01-04,Thursday,3,16,False,False,5.4,0.0,0.0,25.7
2024-01-04 17:00:00,7940,2024-01-04,Thursday,3,17,False,False,4.3,0.0,0.0,23.5
2024-01-04 18:00:00,6642,2024-01-04,Thursday,3,18,False,False,2.4,0.0,0.0,23.7
2024-01-04 19:00:00,4481,2024-01-04,Thursday,3,19,False,False,0.8,0.0,0.0,23.3
2024-01-04 20:00:00,2949,2024-01-04,Thursday,3,20,False,False,-0.4,0.0,0.0,23.4
2024-01-04 21:00:00,2228,2024-01-04,Thursday,3,21,False,False,-0.1,0.0,0.0,24.6
2024-01-04 22:00:00,1591,2024-01-04,Thursday,3,22,False,False,-1.0,0.0,0.0,22.1
2024-01-04 23:00:00,976,2024-01-04,Thursday,3,23,False,False,-2.1,0.0,0.0,21.3
2024-01-05 00:00:00,568,2024-01-05,Friday,4,0,False,False,-3.0,0.0,0.0,20.5
2024-01-05 01:00:00,309,2024-01-05,Friday,4,1,False,False,-3.8,0.0,0.0,18.5
2024-01-05 02:00:00,206,2024-01-05,Friday,4,2,False,False,-4.2,0.0,0.0,17.6
2024-01-05 03:00:00,136,2024-01-05,Friday,4,3,False,False,-4.5,0.0,0.0,17.0
2024-01-05 04:00:00,198,2024-01-05,Friday,4,4,False,False,-4.7,0.0,0.0,15.1
2024-01-05 05:00:00,675,2024-01-05,Friday,4,5,False,False,-4.8,0.0,0.0,11.8
2024-01-05 06:00:00,1814,2024-01-05,Friday,4,6,False,False,-5.0,0.0,0.0,9.9
2024-01-05 07:00:00,3778,2024-01-05,Friday,4,7,False,False,-5.1,0.0,0.0,8.0
2024-01-05 08:00:00,5277,2024-01-05,Friday,4,8,False,False,-5.3,0.0,0.0,7.2
2024-01-05 09:00:00,4053,2024-01-05,Friday,4,9,False,False,-4.2,0.0,0.0,10.1
2024-01-05 10:00:00,3031,2024-01-05,Friday,4,10,False,False,-2.3,0.0,0.0,11.5
2024-01-05 11:00:00,3167,2024-01-05,Friday,4,11,False,False,-0.9,0.0,0.0,12.4
2024-01-05 12:00:00,3696,2024-01-05,Friday,4,12,False,False,0.1,0.0,0.0,12.8
2024-01-05 13:00:00,4120,2024-01-05,Friday,4,13,False,False,1.1,0.0,0.0,12.8
2024-01-05 14:00:00,4691,2024-01-05,Friday,4,14,False,False,2.1,0.0,0.0,13.8
2024-01-05 15:00:00,5539,2024-01-05,Friday,4,15,False,False,2.8,0.0,0.0,13.1
2024-01-05 16:00:00,5935,2024-01-05,Friday,4,16,False,False,3.1,0.0,0.0,11.9
2024-01-05 17:00:00,6683,2024-01-05,Friday,4,17,False,False,2.4,0.0,0.0,8.2
2024-01-05 18:00:00,5803,2024-01-05,Friday,4,18,False,False,0.2,0.0,0.0,10.2
2024-01-05 19:00:00,4248,2024-01-05,Friday,4,19,False,False,-0.6,0.0,0.0,11.1
2024-01-05 20:00:00,2853,2024-01-05,Friday,4,20,False,False,-0.9,0.0,0.0,12.1
2024-01-05 21:00:00,2156,2024-01-05,Friday,4,21,False,False,-1.0,0.0,0.0,9.0
2024-01-05 22:00:00,1886,2024-01-05,Friday,4,22,False,False,-1.6,0.0,0.0,9.8
2024-01-05 23:00:00,1567,2024-01-05,Friday,4,23,False,False,-2.5,0.0,0.0,10.0
2024-01-06 00:00:00,1139,2024-01-06,Saturday,5,0,True,False,-3.2,0.0,0.0,8.0
2024-01-06 01:00:00,770,2024-01-06,Saturday,5,1,True,False,-4.1,0.0,0.0,6.7
2024-01-06 02:00:00,490,2024-01-06,Saturday,5,2,True,False,-4.4,0.0,0.0,6.2
2024-01-06 03:00:00,300,2024-01-06,Saturday,5,3,True,False,-4.2,0.0,0.0,7.9
2024-01-06 04:00:00,221,2024-01-06,Saturday,5,4,True,False,-4.8,0.0,0.0,6.6
2024-01-06 05:00:00,242,2024-01-06,Saturday,5,5,True,False,-5.2,0.0,0.0,8.4
2024-01-06 06:00:00,648,2024-01-06,Saturday,5,6,True,False,-3.8,0.0,0.0,5.0
2024-01-06 07:00:00,1183,2024-01-06,Saturday,5,7,True,False,-4.1,0.0,0.0,4.1
2024-01-06 08:00:00,2011,2024-01-06,Saturday,5,8,True,False,-3.8,0.0,0.0,1.8
2024-01-06 09:00:00,3106,2024-01-06,Saturday,5,9,True,False,-3.8,0.0,0.0,3.6
2024-01-06 10:00:00,3741,2024-01-06,Saturday,5,10,True,False,-2.0,0.0,0.0,6.1
2024-01-06 11:00:00,4499,2024-01-06,Saturday,5,11,True,False,-0.5,0.0,0.0,7.8
2024-01-06 12:00:00,4756,2024-01-06,Saturday,5,12,True,False,0.9,0.0,0.0,9.3
2024-01-06 13:00:00,4962,2024-01-06,Saturday,5,13,True,False,1.8,0.0,0.0,10.2
2024-01-06 14:00:00,4733,2024-01-06,Saturday,5,14,True,False,2.3,0.0,0.0,13.3
2024-01-06 15:00:00,3137,2024-01-06,Saturday,5,15,True,False,2.8,0.0,0.0,15.5
2024-01-06 16:00:00,1954,2024-01-06,Saturday,5,16,True,False,2.1,0.2,0.14,14.7
2024-01-06 17:00:00,1288,2024-01-06,Saturday,5,17,True,False,1.8,0.5,0.28,16.3
2024-01-06 18:00:00,1010,2024-01-06,Saturday,5,18,True,False,1.3,1.2,0.7,17.6
2024-01-06 19:00:00,776,2024-01-06,Saturday,5,19,True,False,1.1,1.8,0.98,19.2
2024-01-06 20:00:00,676,2024-01-06,Saturday,5,20,True,False,1.0,3.0,1.61,21.5
2024-01-06 21:00:00,432,2024-01-06,Saturday,5,21,True,False,0.9,1.8,0.84,26.6
2024-01-06 22:00:00,501,2024-01-06,Saturday,5,22,True,False,1.1,0.9,0.07,28.5
2024-01-06 23:00:00,669,2024-01-06,Saturday,5,23,True,False,1.1,1.6,0.7,29.1
2024-01-07 00:00:00,487,2024-01-07,Sunday,6,0,True,False,1.5,0.8,0.0,25.9
2024-01-07 01:00:00,304,2024-01-07,Sunday,6,1,True,False,1.5,1.0,0.0,23.2
2024-01-07 02:00:00,262,2024-01-07,Sunday,6,2,True,False,1.6,0.5,0.0,26.2
2024-01-07 03:00:00,187,2024-01-07,Sunday,6,3,True,False,1.9,0.1,0.0,27.0
2024-01-07 04:00:00,123,2024-01-07,Sunday,6,4,True,False,2.2,0.0,0.0,26.2
2024-01-07 05:00:00,78,2024-01-07,Sunday,6,5,True,False,2.3,0.1,0.0,25.8
2024-01-07 06:00:00,260,2024-01-07,Sunday,6,6,True,False,2.3,0.1,0.0,22.9
2024-01-07 07:00:00,259,2024-01-07,Sunday,6,7,True,False,2.4,0.2,0.0,20.6
2024-01-07 08:00:00,735,2024-01-07,Sunday,6,8,True,False,2.5,0.3,0.0,19.4
2024-01-07 09:00:00,1229,2024-01-07,Sunday,6,9,True,False,1.9,0.5,0.0,14.4
2024-01-07 10:00:00,1633,2024-01-07,Sunday,6,10,True,False,1.6,1.0,0.0,14.3
2024-01-07 11:00:00,1402,2024-01-07,Sunday,6,11,True,False,1.5,0.4,0.0,14.6
2024-01-07 12:00:00,1877,2024-01-07,Sunday,6,12,True,False,1.4,1.0,0.42,21.5
2024-01-07 13:00:00,2835,2024-01-07,Sunday,6,13,True,False,1.0,1.1,0.56,13.8
2024-01-07 14:00:00,3540,2024-01-07,Sunday,6,14,True,False,1.5,0.2,0.0,13.9
2024-01-07 15:00:00,3835,2024-01-07,Sunday,6,15,True,False,2.2,0.0,0.0,12.1
2024-01-07 16:00:00,3619,2024-01-07,Sunday,6,16,True,False,2.5,0.0,0.0,9.0
2024-01-07 17:00:00,2946,2024-01-07,Sunday,6,17,True,False,2.0,0.0,0.0,8.6
2024-01-07 18:00:00,2663,2024-01-07,Sunday,6,18,True,False,1.3,0.0,0.0,9.4
2024-01-07 19:00:00,2296,2024-01-07,Sunday,6,19,True,False,0.7,0.0,0.0,8.6
2024-01-07 20:00:00,1713,2024-01-07,Sunday,6,20,True,False,-0.2,0.0,0.0,7.0
2024-01-07 21:00:00,1417,2024-01-07,Sunday,6,21,True,False,0.2,0.0,0.0,12.9
2024-01-07 22:00:00,1140,2024-01-07,Sunday,6,22,True,False,0.6,0.0,0.0,18.3
2024-01-07 23:00:00,809,2024-01-07,Sunday,6,23,True,False,0.2,0.0,0.0,16.3
2024-01-08 00:00:00,473,2024-01-08,Monday,0,0,False,False,-0.5,0.0,0.0,11.4
2024-01-08 01:00:00,253,2024-01-08,Monday,0,1,False,False,-0.6,0.0,0.0,11.6
2024-01-08 02:00:00,169,2024-01-08,Monday,0,2,False,False,-0.5,0.0,0.0,13.6
2024-01-08 03:00:00,137,2024-01-08,Monday,0,3,False,False,-0.3,0.0,0.0,13.8
2024-01-08 04:00:00,205,2024-01-08,Monday,0,4,False,False,-0.8,0.0,0.0,12.3
2024-01-08 05:00:00,746,2024-01-08,Monday,0,5,False,False,-0.4,0.0,0.0,15.8
2024-01-08 06:00:00,2128,2024-01-08,Monday,0,6,False,False,-0.6,0.0,0.0,15.3
2024-01-08 07:00:00,4625,2024-01-08,Monday,0,7,False,False,-0.9,0.0,0.0,15.5
2024-01-08 08:00:00,6780,2024-01-08,Monday,0,8,False,False,-0.8,0.0,0.0,16.1
2024-01-08 09:00:00,4407,2024-01-08,Monday,0,9,False,False,0.2,0.0,0.0,16.6
2024-01-08 10:00:00,2962,2024-01-08,Monday,0,10,False,False,2.0,0.0,0.0,20.1
2024-01-08 11:00:00,3051,2024-01-08,Monday,0,11,False,False,3.7,0.0,0.0,17.6
2024-01-08 12:00:00,3353,2024-01-08,Monday,0,12,False,False,4.6,0.0,0.0,15.5
2024-01-08 13:00:00,3746,2024-01-08,Monday,0,13,False,False,5.6,0.0,0.0,14.8
2024-01-08 14:00:00,4566,2024-01-08,Monday,0,14,False,False,6.1,0.0,0.0,15.0
2024-01-08 15:00:00,5319,2024-01-08,Monday,0,15,False,False,6.3,0.0,0.0,13.8
2024-01-08 16:00:00,6175,2024-01-08,Monday,0,16,False,False,6.2,0.0,0.0,11.7
2024-01-08 17:00:00,7695,2024-01-08,Monday,0,17,False,False,4.8,0.0,0.0,5.0
2024-01-08 18:00:00,7439,2024-01-08,Monday,0,18,False,False,4.1,0.0,0.0,6.2
2024-01-08 19:00:00,5164,2024-01-08,Monday,0,19,False,False,3.2,0.0,0.0,2.6
2024-01-08 20:00:00,3389,2024-01-08,Monday,0,20,False,False,2.3,0.0,0.0,0.0
2024-01-08 21:00:00,2385,2024-01-08,Monday,0,21,False,False,-2.5,0.0,0.0,9.0
2024-01-08 22:00:00,1787,2024-01-08,Monday,0,22,False,False,-3.2,0.0,0.0,8.4
2024-01-08 23:00:00,1446,2024-01-08,Monday,0,23,False,False,-2.8,0.0,0.0,4.9
2024-01-09 00:00:00,638,2024-01-09,Tuesday,1,0,False,False,-3.6,0.0,0.0,4.0
2024-01-09 01:00:00,337,2024-01-09,Tuesday,1,1,False,False,-3.7,0.0,0.0,2.7
2024-01-09 02:00:00,210,2024-01-09,Tuesday,1,2,False,False,-4.1,0.0,0.0,2.9
2024-01-09 03:00:00,135,2024-01-09,Tuesday,1,3,False,False,-4.3,0.0,0.0,4.2
2024-01-09 04:00:00,223,2024-01-09,Tuesday,1,4,False,False,-4.6,0.0,0.0,4.0
2024-01-09 05:00:00,838,2024-01-09,Tuesday,1,5,False,False,-3.4,0.0,0.0,5.7
2024-01-09 06:00:00,2397,2024-01-09,Tuesday,1,6,False,False,-3.2,0.0,0.0,6.1
2024-01-09 07:00:00,5303,2024-01-09,Tuesday,1,7,False,False,-1.9,0.0,0.0,6.0
2024-01-09 08:00:00,8372,2024-01-09,Tuesday,1,8,False,False,-1.2,0.0,0.0,7.1
2024-01-09 09:00:00,5503,2024-01-09,Tuesday,1,9,False,False,0.2,0.0,0.0,8.9
2024-01-09 10:00:00,3456,2024-01-09,Tuesday,1,10,False,False,2.7,0.0,0.0,6.4
2024-01-09 11:00:00,1979,2024-01-09,Tuesday,1,11,False,False,5.2,0.0,0.0,14.7
2024-01-09 12:00:00,2037,2024-01-09,Tuesday,1,12,False,False,5.4,0.1,0.0,21.5
2024-01-09 13:00:00,1735,2024-01-09,Tuesday,1,13,False,False,4.6,0.7,0.0,21.3
2024-01-09 14:00:00,1464,2024-01-09,Tuesday,1,14,False,False,5.2,0.6,0.0,25.8
2024-01-09 15:00:00,1670,2024-01-09,Tuesday,1,15,False,False,6.0,1.0,0.0,30.0
2024-01-09 16:00:00,1800,2024-01-09,Tuesday,1,16,False,False,6.2,1.5,0.0,33.2
2024-01-09 17:00:00,1628,2024-01-09,Tuesday,1,17,False,False,7.3,1.3,0.0,35.1
2024-01-09 18:00:00,1269,2024-01-09,Tuesday,1,18,False,False,8.6,1.0,0.0,33.4
2024-01-09 19:00:00,839,2024-01-09,Tuesday,1,19,False,False,9.6,3.6,0.0,31.3
2024-01-09 20:00:00,457,2024-01-09,Tuesday,1,20,False,False,10.2,3.7,0.0,32.3
2024-01-09 21:00:00,295,2024-01-09,Tuesday,1,21,False,False,11.3,5.5,0.0,46.0
2024-01-09 22:00:00,257,2024-01-09,Tuesday,1,22,False,False,11.8,5.7,0.0,46.0
2024-01-09 23:00:00,152,2024-01-09,Tuesday,1,23,False,False,12.6,6.8,0.0,57.3
2024-01-10 00:00:00,101,2024-01-10,Wednesday,2,0,False,False,13.1,6.5,0.0,48.6
2024-01-10 01:00:00,108,2024-01-10,Wednesday,2,1,False,False,13.0,12.9,0.0,24.8
2024-01-10 02:00:00,90,2024-01-10,Wednesday,2,2,False,False,13.1,8.3,0.0,36.2
2024-01-10 03:00:00,114,2024-01-10,Wednesday,2,3,False,False,13.6,0.4,0.0,42.2
2024-01-10 04:00:00,210,2024-01-10,Wednesday,2,4,False,False,13.8,0.0,0.0,27.5
2024-01-10 05:00:00,722,2024-01-10,Wednesday,2,5,False,False,12.9,0.1,0.0,25.7
2024-01-10 06:00:00,2277,2024-01-10,Wednesday,2,6,False,False,10.9,0.0,0.0,28.1
2024-01-10 07:00:00,5080,2024-01-10,Wednesday,2,7,False,False,8.6,0.0,0.0,23.2
2024-01-10 08:00:00,7815,2024-01-10,Wednesday,2,8,False,False,7.2,0.0,0.0,21.7
2024-01-10 09:00:00,5214,2024-01-10,Wednesday,2,9,False,False,8.4,0.0,0.0,20.5
2024-01-10 10:00:00,3306,2024-01-10,Wednesday,2,10,False,False,8.6,0.0,0.0,26.9
2024-01-10 11:00:00,3072,2024-01-10,Wednesday,2,11,False,False,8.6,0.0,0.0,26.7
2024-01-10 12:00:00,3460,2024-01-10,Wednesday,2,12,False,False,9.0,0.0,0.0,35.3
2024-01-10 13:00:00,3722,2024-01-10,Wednesday,2,13,False,False,9.3,0.0,0.0,32.7
2024-01-10 14:00:00,4341,2024-01-10,Wednesday,2,14,False,False,9.6,0.0,0.0,38.5
2024-01-10 15:00:00,5072,2024-01-10,Wednesday,2,15,False,False,8.8,0.0,0.0,38.9
2024-01-10 16:00:00,6090,2024-01-10,Wednesday,2,16,False,False,8.6,0.0,0.0,32.0
2024-01-10 17:00:00,8159,2024-01-10,Wednesday,2,17,False,False,8.1,0.0,0.0,30.1
2024-01-10 18:00:00,7544,2024-01-10,Wednesday,2,18,False,False,6.8,0.0,0.0,24.5
2024-01-10 19:00:00,4939,2024-01-10,Wednesday,2,19,False,False,6.2,0.0,0.0,23.0
2024-01-10 20:00:00,3746,2024-01-10,Wednesday,2,20,False,False,5.6,0.0,0.0,21.0
2024-01-10 21:00:00,2900,2024-01-10,Wednesday,2,21,False,False,6.8,0.0,0.0,17.0
2024-01-10 22:00:00,2122,2024-01-10,Wednesday,2,22,False,False,5.6,0.0,0.0,14.8
2024-01-10 23:00:00,1333,2024-01-10,Wednesday,2,23,False,False,5.2,0.0,0.0,16.8
2024-01-11 00:00:00,750,2024-01-11,Thursday,3,0,False,False,5.2,0.0,0.0,19.7
2024-01-11 01:00:00,359,2024-01-11,Thursday,3,1,False,False,4.3,0.0,0.0,20.3
2024-01-11 02:00:00,267,2024-01-11,Thursday,3,2,False,False,3.8,0.0,0.0,16.6
2024-01-11 03:00:00,193,2024-01-11,Thursday,3,3,False,False,3.0,0.0,0.0,13.0
2024-01-11 04:00:00,221,2024-01-11,Thursday,3,4,False,False,2.2,0.0,0.0,10.6
2024-01-11 05:00:00,845,2024-01-11,Thursday,3,5,False,False,2.0,0.0,0.0,12.4
2024-01-11 06:00:00,2399,2024-01-11,Thursday,3,6,False,False,1.2,0.0,0.0,12.0
2024-01-11 07:00:00,5398,2024-01-11,Thursday,3,7,False,False,0.6,0.0,0.0,12.1
2024-01-11 08:00:00,8212,2024-01-11,Thursday,3,8,False,False,0.1,0.0,0.0,12.1
2024-01-11 09:00:00,5618,2024-01-11,Thursday,3,9,False,False,2.8,0.0,0.0,13.5
2024-01-11 10:00:00,3575,2024-01-11,Thursday,3,10,False,False,4.1,0.0,0.0,13.4
2024-01-11 11:00:00,3408,2024-01-11,Thursday,3,11,False,False,5.6,0.0,0.0,14.7
2024-01-11 12:00:00,3713,2024-01-11,Thursday,3,12,False,False,6.7,0.0,0.0,17.3
2024-01-11 13:00:00,4031,2024-01-11,Thursday,3,13,False,False,7.7,0.0,0.0,22.3
2024-01-11 14:00:00,4865,2024-01-11,Thursday,3,14,False,False,7.9,0.0,0.0,22.9
2024-01-11 15:00:00,5680,2024-01-11,Thursday,3,15,False,False,8.0,0.0,0.0,18.4
2024-01-11 16:00:00,6679,2024-01-11,Thursday,3,16,False,False,8.1,0.0,0.0,15.8
2024-01-11 17:00:00,8635,2024-01-11,Thursday,3,17,False,False,7.4,0.0,0.0,12.5
2024-01-11 18:00:00,7912,2024-01-11,Thursday,3,18,False,False,4.8,0.0,0.0,8.7
2024-01-11 19:00:00,5777,2024-01-11,Thursday,3,19,False,False,4.0,0.0,0.0,10.0
2024-01-11 20:00:00,3879,2024-01-11,Thursday,3,20,False,False,4.7,0.0,0.0,15.8
2024-01-11 21:00:00,2948,2024-01-11,Thursday,3,21,False,False,4.9,0.0,0.0,15.3
2024-01-11 22:00:00,2191,2024-01-11,Thursday,3,22,False,False,5.0,0.0,0.0,12.0
2024-01-11 23:00:00,1540,2024-01-11,Thursday,3,23,False,False,4.1,0.0,0.0,8.1
2024-01-12 00:00:00,911,2024-01-12,Friday,4,0,False,False,3.1,0.0,0.0,12.0
2024-01-12 01:00:00,536,2024-01-12,Friday,4,1,False,False,2.5,0.0,0.0,12.4
2024-01-12 02:00:00,326,2024-01-12,Friday,4,2,False,False,2.0,0.0,0.0,11.3
2024-01-12 03:00:00,209,2024-01-12,Friday,4,3,False,False,1.5,0.0,0.0,10.5
2024-01-12 04:00:00,219,2024-01-12,Friday,4,4,False,False,1.2,0.0,0.0,10.0
2024-01-12 05:00:00,717,2024-01-12,Friday,4,5,False,False,0.4,0.0,0.0,8.5
2024-01-12 06:00:00,2065,2024-01-12,Friday,4,6,False,False,-0.4,0.0,0.0,7.8
2024-01-12 07:00:00,4516,2024-01-12,Friday,4,7,False,False,-1.1,0.0,0.0,8.4
2024-01-12 08:00:00,6547,2024-01-12,Friday,4,8,False,False,-2.0,0.0,0.0,10.0
2024-01-12 09:00:00,5006,2024-01-12,Friday,4,9,False,False,0.3,0.0,0.0,5.1
2024-01-12 10:00:00,3855,2024-01-12,Friday,4,10,False,False,2.9,0.0,0.0,6.6
2024-01-12 11:00:00,4086,2024-01-12,Friday,4,11,False,False,5.4,0.0,0.0,5.4
2024-01-12 12:00:00,4719,2024-01-12,Friday,4,12,False,False,7.0,0.0,0.0,6.3
2024-01-12 13:00:00,5124,2024-01-12,Friday,4,13,False,False,7.8,0.0,0.0,5.2
2024-01-12 14:00:00,6021,2024-01-12,Friday,4,14,False,False,8.1,0.0,0.0,10.6
2024-01-12 15:00:00,6710,2024-01-12,Friday,4,15,False,False,8.1,0.0,0.0,16.5
2024-01-12 16:00:00,7010,2024-01-12,Friday,4,16,False,False,7.2,0.0,0.0,18.9
2024-01-12 17:00:00,7251,2024-01-12,Friday,4,17,False,False,6.1,0.0,0.0,16.3
2024-01-12 18:00:00,6645,2024-01-12,Friday,4,18,False,False,4.9,0.0,0.0,15.0
2024-01-12 19:00:00,5146,2024-01-12,Friday,4,19,False,False,5.3,0.0,0.0,16.4
2024-01-12 20:00:00,3470,2024-01-12,Friday,4,20,False,False,5.8,0.0,0.0,19.8
2024-01-12 21:00:00,2758,2024-01-12,Friday,4,21,False,False,6.2,0.0,0.0,22.1
2024-01-12 22:00:00,1474,2024-01-12,Friday,4,22,False,False,6.6,0.2,0.0,18.4
2024-01-12 23:00:00,661,2024-01-12,Friday,4,23,False,False,6.7,0.6,0.0,20.5
2024-01-13 00:00:00,410,2024-01-13,Saturday,5,0,True,False,7.2,3.2,0.0,28.5
2024-01-13 01:00:00,188,2024-01-13,Saturday,5,1,True,False,8.1,1.8,0.0,32.1
2024-01-13 02:00:00,98,2024-01-13,Saturday,5,2,True,False,8.8,3.5,0.0,28.4
2024-01-13 03:00:00,90,2024-01-13,Saturday,5,3,True,False,10.3,6.8,0.0,30.7
2024-01-13 04:00:00,146,2024-01-13,Saturday,5,4,True,False,11.0,4.5,0.0,33.2
2024-01-13 05:00:00,251,2024-01-13,Saturday,5,5,True,False,11.6,1.6,0.0,30.5
2024-01-13 06:00:00,599,2024-01-13,Saturday,5,6,True,False,11.5,0.0,0.0,22.7
2024-01-13 07:00:00,1039,2024-01-13,Saturday,5,7,True,False,11.1,0.6,0.0,14.8
2024-01-13 08:00:00,2180,2024-01-13,Saturday,5,8,True,False,10.8,0.1,0.0,11.2
2024-01-13 09:00:00,3178,2024-01-13,Saturday,5,9,True,False,14.4,0.0,0.0,20.5
2024-01-13 10:00:00,4778,2024-01-13,Saturday,5,10,True,False,14.6,0.6,0.0,21.1
2024-01-13 11:00:00,5978,2024-01-13,Saturday,5,11,True,False,14.1,0.1,0.0,28.0
2024-01-13 12:00:00,5239,2024-01-13,Saturday,5,12,True,False,13.8,0.1,0.0,32.6
2024-01-13 13:00:00,5260,2024-01-13,Saturday,5,13,True,False,12.9,0.0,0.0,31.9
2024-01-13 14:00:00,5645,2024-01-13,Saturday,5,14,True,False,10.8,0.0,0.0,34.2
2024-01-13 15:00:00,5740,2024-01-13,Saturday,5,15,True,False,8.8,0.0,0.0,28.5
2024-01-13 16:00:00,5376,2024-01-13,Saturday,5,16,True,False,8.6,0.0,0.0,33.4
2024-01-13 17:00:00,4120,2024-01-13,Saturday,5,17,True,False,7.9,0.0,0.0,31.3
2024-01-13 18:00:00,3540,2024-01-13,Saturday,5,18,True,False,6.1,0.0,0.0,31.1
2024-01-13 19:00:00,2967,2024-01-13,Saturday,5,19,True,False,4.2,0.0,0.0,31.8
2024-01-13 20:00:00,2252,2024-01-13,Saturday,5,20,True,False,3.1,0.0,0.0,29.2
2024-01-13 21:00:00,1696,2024-01-13,Saturday,5,21,True,False,4.2,0.0,0.0,26.9
2024-01-13 22:00:00,1519,2024-01-13,Saturday,5,22,True,False,2.9,0.0,0.0,24.5
2024-01-13 23:00:00,1516,2024-01-13,Saturday,5,23,True,False,1.8,0.0,0.0,25.6
2024-01-14 00:00:00,1060,2024-01-14,Sunday,6,0,True,False,1.1,0.0,0.0,25.5
2024-01-14 01:00:00,805,2024-01-14,Sunday,6,1,True,False,0.4,0.0,0.0,23.1
2024-01-14 02:00:00,483,2024-01-14,Sunday,6,2,True,False,-0.2,0.0,0.0,21.3
2024-01-14 03:00:00,393,2024-01-14,Sunday,6,3,True,False,-0.9,0.0,0.0,19.0
2024-01-14 04:00:00,235,2024-01-14,Sunday,6,4,True,False,-1.3,0.0,0.0,21.5
2024-01-14 05:00:00,192,2024-01-14,Sunday,6,5,True,False,-1.5,0.0,0.0,20.4
2024-01-14 06:00:00,435,2024-01-14,Sunday,6,6,True,False,-1.6,0.0,0.0,17.0
2024-01-14 07:00:00,803,2024-01-14,Sunday,6,7,True,False,-1.9,0.0,0.0,13.7
2024-01-14 08:00:00,1429,2024-01-14,Sunday,6,8,True,False,-2.0,0.0,0.0,14.6
2024-01-14 09:00:00,2507,2024-01-14,Sunday,6,9,True,False,-0.1,0.0,0.0,19.9
2024-01-14 10:00:00,3386,2024-01-14,Sunday,6,10,True,False,1.5,0.0,0.0,21.5
2024-01-14 11:00:00,4290,2024-01-14,Sunday,6,11,True,False,3.2,0.0,0.0,24.7
2024-01-14 12:00:00,4494,2024-01-14,Sunday,6,12,True,False,4.9,0.0,0.0,24.7
2024-01-14 13:00:00,3645,2024-01-14,Sunday,6,13,True,False,6.3,0.1,0.07,29.9
2024-01-14 14:00:00,3714,2024-01-14,Sunday,6,14,True,False,3.3,0.3,0.14,29.8
2024-01-14 15:00:00,3869,2024-01-14,Sunday,6,15,True,False,3.0,0.1,0.07,32.7
2024-01-14 16:00:00,3889,2024-01-14,Sunday,6,16,True,False,2.7,0.0,0.0,33.0
2024-01-14 17:00:00,3102,2024-01-14,Sunday,6,17,True,False,1.4,0.0,0.0,36.4
2024-01-14 18:00:00,2631,2024-01-14,Sunday,6,18,True,False,-0.2,0.0,0.0,29.2
2024-01-14 19:00:00,2212,2024-01-14,Sunday,6,19,True,False,-1.9,0.0,0.0,23.1
2024-01-14 20:00:00,1745,2024-01-14,Sunday,6,20,True,False,-2.7,0.0,0.0,20.7
2024-01-14 21:00:00,1309,2024-01-14,Sunday,6,21,True,False,-2.5,0.0,0.0,19.4
2024-01-14 22:00:00,1162,2024-01-14,Sunday,6,22,True,False,-3.2,0.0,0.0,19.5
2024-01-14 23:00:00,1071,2024-01-14,Sunday,6,23,True,False,-3.8,0.0,0.0,15.9
2024-01-15 00:00:00,649,2024-01-15,Monday,0,0,False,True,-4.4,0.0,0.0,10.1
2024-01-15 01:00:00,318,2024-01-15,Monday,0,1,False,True,-5.1,0.0,0.0,7.2
2024-01-15 02:00:00,198,2024-01-15,Monday,0,2,False,True,-5.3,0.0,0.0,7.9
2024-01-15 03:00:00,135,2024-01-15,Monday,0,3,False,True,-5.6,0.0,0.0,8.0
2024-01-15 04:00:00,158,2024-01-15,Monday,0,4,False,True,-5.8,0.0,0.0,7.5
2024-01-15 05:00:00,348,2024-01-15,Monday,0,5,False,True,-5.4,0.0,0.0,7.2
2024-01-15 06:00:00,766,2024-01-15,Monday,0,6,False,True,-5.1,0.0,0.0,8.9
2024-01-15 07:00:00,1263,2024-01-15,Monday,0,7,False,True,-5.4,0.0,0.0,7.2
2024-01-15 08:00:00,2022,2024-01-15,Monday,0,8,False,True,-5.8,0.0,0.0,6.6
2024-01-15 09:00:00,2364,2024-01-15,Monday,0,9,False,True,-5.3,0.0,0.0,9.7
2024-01-15 10:00:00,2767,2024-01-15,Monday,0,10,False,True,-4.3,0.0,0.0,10.9
2024-01-15 11:00:00,3042,2024-01-15,Monday,0,11,False,True,-3.3,0.0,0.0,10.5
2024-01-15 12:00:00,3263,2024-01-15,Monday,0,12,False,True,-2.2,0.0,0.0,10.0
2024-01-15 13:00:00,3429,2024-01-15,Monday,0,13,False,True,-1.2,0.0,0.0,11.0
2024-01-15 14:00:00,3570,2024-01-15,Monday,0,14,False,True,-0.9,0.0,0.0,11.4
2024-01-15 15:00:00,3887,2024-01-15,Monday,0,15,False,True,-0.9,0.0,0.0,11.3
2024-01-15 16:00:00,3726,2024-01-15,Monday,0,16,False,True,-0.8,0.0,0.0,9.5
2024-01-15 17:00:00,3610,2024-01-15,Monday,0,17,False,True,-1.1,0.0,0.0,9.7
2024-01-15 18:00:00,3314,2024-01-15,Monday,0,18,False,True,-1.4,0.0,0.0,8.9
2024-01-15 19:00:00,2647,2024-01-15,Monday,0,19,False,True,-1.6,0.0,0.0,8.9
2024-01-15 20:00:00,1831,2024-01-15,Monday,0,20,False,True,-1.9,0.0,0.0,9.8
2024-01-15 21:00:00,1087,2024-01-15,Monday,0,21,False,True,-2.8,0.1,0.07,10.5
2024-01-15 22:00:00,668,2024-01-15,Monday,0,22,False,True,-3.3,0.3,0.21,8.0
2024-01-15 23:00:00,461,2024-01-15,Monday,0,23,False,True,-3.7,0.4,0.28,5.5
2024-01-16 00:00:00,223,2024-01-16,Tuesday,1,0,False,False,-3.8,0.3,0.21,6.0
2024-01-16 01:00:00,96,2024-01-16,Tuesday,1,1,False,False,-4.1,0.7,0.49,1.4
2024-01-16 02:00:00,87,2024-01-16,Tuesday,1,2,False,False,-4.1,0.5,0.35,0.8
2024-01-16 03:00:00,52,2024-01-16,Tuesday,1,3,False,False,-4.0,0.5,0.35,5.5
2024-01-16 04:00:00,97,2024-01-16,Tuesday,1,4,False,False,-4.0,0.4,0.28,7.9
2024-01-16 05:00:00,385,2024-01-16,Tuesday,1,5,False,False,-4.0,0.4,0.28,9.2
2024-01-16 06:00:00,989,2024-01-16,Tuesday,1,6,False,False,-3.8,0.6,0.42,11.3
2024-01-16 07:00:00,1756,2024-01-16,Tuesday,1,7,False,False,-3.4,0.2,0.14,12.0
2024-01-16 08:00:00,2579,2024-01-16,Tuesday,1,8,False,False,-3.1,0.5,0.28,14.6
2024-01-16 09:00:00,1570,2024-01-16,Tuesday,1,9,False,False,-2.7,0.3,0.21,13.6
2024-01-16 10:00:00,872,2024-01-16,Tuesday,1,10,False,False,-2.1,0.5,0.28,13.6
2024-01-16 11:00:00,777,2024-01-16,Tuesday,1,11,False,False,-1.8,0.4,0.07,15.5
2024-01-16 12:00:00,973,2024-01-16,Tuesday,1,12,False,False,-1.7,1.4,0.0,14.5
2024-01-16 13:00:00,1089,2024-01-16,Tuesday,1,13,False,False,-1.4,0.6,0.0,14.0
2024-01-16 14:00:00,1341,2024-01-16,Tuesday,1,14,False,False,-1.0,0.4,0.0,16.6
2024-01-16 15:00:00,1478,2024-01-16,Tuesday,1,15,False,False,-0.9,1.3,0.07,23.2
2024-01-16 16:00:00,1802,2024-01-16,Tuesday,1,16,False,False,-1.6,0.3,0.14,16.6
2024-01-16 17:00:00,2899,2024-01-16,Tuesday,1,17,False,False,-1.0,0.1,0.07,16.5
2024-01-16 18:00:00,2768,2024-01-16,Tuesday,1,18,False,False,-1.1,0.1,0.07,14.5
2024-01-16 19:00:00,2014,2024-01-16,Tuesday,1,19,False,False,-1.0,0.0,0.0,18.9
2024-01-16 20:00:00,1337,2024-01-16,Tuesday,1,20,False,False,-2.1,0.0,0.0,19.8
2024-01-16 21:00:00,997,2024-01-16,Tuesday,1,21,False,False,-3.9,0.0,0.0,19.6
2024-01-16 22:00:00,721,2024-01-16,Tuesday,1,22,False,False,-4.7,0.0,0.0,22.5
2024-01-16 23:00:00,430,2024-01-16,Tuesday,1,23,False,False,-5.7,0.0,0.0,20.5
2024-01-17 00:00:00,248,2024-01-17,Wednesday,2,0,False,False,-6.3,0.0,0.0,15.2
2024-01-17 01:00:00,141,2024-01-17,Wednesday,2,1,False,False,-6.4,0.0,0.0,17.2
2024-01-17 02:00:00,91,2024-01-17,Wednesday,2,2,False,False,-6.8,0.0,0.0,17.7
2024-01-17 03:00:00,66,2024-01-17,Wednesday,2,3,False,False,-7.1,0.0,0.0,18.4
2024-01-17 04:00:00,110,2024-01-17,Wednesday,2,4,False,False,-7.4,0.0,0.0,17.4
2024-01-17 05:00:00,489,2024-01-17,Wednesday,2,5,False,False,-7.8,0.0,0.0,16.3
2024-01-17 06:00:00,1267,2024-01-17,Wednesday,2,6,False,False,-8.1,0.0,0.0,15.3
2024-01-17 07:00:00,2702,2024-01-17,Wednesday,2,7,False,False,-8.5,0.0,0.0,15.4
2024-01-17 08:00:00,4152,2024-01-17,Wednesday,2,8,False,False,-8.9,0.0,0.0,15.5
2024-01-17 09:00:00,2810,2024-01-17,Wednesday,2,9,False,False,-8.6,0.0,0.0,16.2
2024-01-17 10:00:00,1743,2024-01-17,Wednesday,2,10,False,False,-7.8,0.0,0.0,20.2
2024-01-17 11:00:00,1603,2024-01-17,Wednesday,2,11,False,False,-6.8,0.0,0.0,21.7
2024-01-17 12:00:00,1828,2024-01-17,Wednesday,2,12,False,False,-5.9,0.0,0.0,21.2
2024-01-17 13:00:00,1966,2024-01-17,Wednesday,2,13,False,False,-5.2,0.0,0.0,22.7
2024-01-17 14:00:00,2273,2024-01-17,Wednesday,2,14,False,False,-4.5,0.0,0.0,23.8
2024-01-17 15:00:00,2669,2024-01-17,Wednesday,2,15,False,False,-4.2,0.0,0.0,23.5
2024-01-17 16:00:00,3178,2024-01-17,Wednesday,2,16,False,False,-4.2,0.0,0.0,22.3
2024-01-17 17:00:00,4257,2024-01-17,Wednesday,2,17,False,False,-4.7,0.0,0.0,21.0
2024-01-17 18:00:00,3731,2024-01-17,Wednesday,2,18,False,False,-5.8,0.0,0.0,15.8
2024-01-17 19:00:00,2657,2024-01-17,Wednesday,2,19,False,False,-6.1,0.0,0.0,16.9
2024-01-17 20:00:00,1749,2024-01-17,Wednesday,2,20,False,False,-6.0,0.0,0.0,18.4
2024-01-17 21:00:00,1314,2024-01-17,Wednesday,2,21,False,False,-6.3,0.0,0.0,18.3
2024-01-17 22:00:00,1017,2024-01-17,Wednesday,2,22,False,False,-6.2,0.0,0.0,19.4
2024-01-17 23:00:00,680,2024-01-17,Wednesday,2,23,False,False,-6.2,0.0,0.0,16.2
2024-01-18 00:00:00,357,2024-01-18,Thursday,3,0,False,False,-6.4,0.0,0.0,15.0
2024-01-18 01:00:00,159,2024-01-18,Thursday,3,1,False,False,-6.5,0.0,0.0,14.5
2024-01-18 02:00:00,99,2024-01-18,Thursday,3,2,False,False,-6.6,0.0,0.0,14.7
2024-01-18 03:00:00,61,2024-01-18,Thursday,3,3,False,False,-6.7,0.0,0.0,13.7
2024-01-18 04:00:00,140,2024-01-18,Thursday,3,4,False,False,-6.8,0.0,0.0,12.8
2024-01-18 05:00:00,539,2024-01-18,Thursday,3,5,False,False,-6.8,0.0,0.0,13.5
2024-01-18 06:00:00,1487,2024-01-18,Thursday,3,6,False,False,-6.8,0.0,0.0,11.5
2024-01-18 07:00:00,3201,2024-01-18,Thursday,3,7,False,False,-6.4,0.0,0.0,11.8
2024-01-18 08:00:00,5098,2024-01-18,Thursday,3,8,False,False,-6.2,0.0,0.0,11.2
2024-01-18 09:00:00,3334,2024-01-18,Thursday,3,9,False,False,-4.8,0.0,0.0,11.2
2024-01-18 10:00:00,2310,2024-01-18,Thursday,3,10,False,False,-3.8,0.0,0.0,13.5
2024-01-18 11:00:00,2062,2024-01-18,Thursday,3,11,False,False,-3.0,0.1,0.07,12.1
2024-01-18 12:00:00,2248,2024-01-18,Thursday,3,12,False,False,-2.3,0.1,0.07,16.2
2024-01-18 13:00:00,2345,2024-01-18,Thursday,3,13,False,False,-1.5,0.1,0.07,17.1
2024-01-18 14:00:00,3022,2024-01-18,Thursday,3,14,False,False,-0.4,0.0,0.07,15.2
2024-01-18 15:00:00,3510,2024-01-18,Thursday,3,15,False,False,0.2,0.0,0.0,15.1
2024-01-18 16:00:00,4209,2024-01-18,Thursday,3,16,False,False,0.4,0.0,0.0,13.5
2024-01-18 17:00:00,5540,2024-01-18,Thursday,3,17,False,False,0.2,0.0,0.0,10.7
2024-01-18 18:00:00,5001,2024-01-18,Thursday,3,18,False,False,-1.0,0.0,0.0,7.1
2024-01-18 19:00:00,3786,2024-01-18,Thursday,3,19,False,False,-1.5,0.0,0.0,6.1
2024-01-18 20:00:00,2548,2024-01-18,Thursday,3,20,False,False,-1.5,0.0,0.0,6.4
2024-01-18 21:00:00,1933,2024-01-18,Thursday,3,21,False,False,-1.6,0.0,0.0,7.4
2024-01-18 22:00:00,1484,2024-01-18,Thursday,3,22,False,False,-1.5,0.0,0.0,6.0
2024-01-18 23:00:00,1022,2024-01-18,Thursday,3,23,False,False,-1.8,0.0,0.0,4.0
2024-01-19 00:00:00,596,2024-01-19,Friday,4,0,False,False,-2.2,0.0,0.0,4.3
2024-01-19 01:00:00,313,2024-01-19,Friday,4,1,False,False,-2.7,0.0,0.0,4.3
2024-01-19 02:00:00,212,2024-01-19,Friday,4,2,False,False,-2.8,0.0,0.0,3.6
2024-01-19 03:00:00,147,2024-01-19,Friday,4,3,False,False,-2.6,0.0,0.0,6.6
2024-01-19 04:00:00,194,2024-01-19,Friday,4,4,False,False,-2.8,0.0,0.0,7.6
2024-01-19 05:00:00,560,2024-01-19,Friday,4,5,False,False,-2.7,0.0,0.0,7.1
2024-01-19 06:00:00,1480,2024-01-19,Friday,4,6,False,False,-2.7,0.1,0.07,7.4
2024-01-19 07:00:00,3134,2024-01-19,Friday,4,7,False,False,-2.8,0.1,0.07,8.4
2024-01-19 08:00:00,4616,2024-01-19,Friday,4,8,False,False,-2.9,0.1,0.07,8.8
2024-01-19 09:00:00,2906,2024-01-19,Friday,4,9,False,False,-2.7,0.2,0.14,6.7
2024-01-19 10:00:00,2086,2024-01-19,Friday,4,10,False,False,-2.2,0.2,0.14,7.6
2024-01-19 11:00:00,1650,2024-01-19,Friday,4,11,False,False,-1.6,0.2,0.14,12.5
2024-01-19 12:00:00,1672,2024-01-19,Friday,4,12,False,False,-1.2,0.3,0.21,16.4
2024-01-19 13:00:00,1710,2024-01-19,Friday,4,13,False,False,-1.1,0.4,0.28,16.1
2024-01-19 14:00:00,2007,2024-01-19,Friday,4,14,False,False,-1.0,0.3,0.21,16.3
2024-01-19 15:00:00,2425,2024-01-19,Friday,4,15,False,False,-0.9,0.2,0.14,16.4
2024-01-19 16:00:00,3006,2024-01-19,Friday,4,16,False,False,-1.0,0.2,0.14,16.5
2024-01-19 17:00:00,3726,2024-01-19,Friday,4,17,False,False,-1.6,0.2,0.14,13.0
2024-01-19 18:00:00,3508,2024-01-19,Friday,4,18,False,False,-2.3,0.1,0.07,13.6
2024-01-19 19:00:00,2728,2024-01-19,Friday,4,19,False,False,-3.0,0.1,0.07,14.0
2024-01-19 20:00:00,1813,2024-01-19,Friday,4,20,False,False,-3.6,0.0,0.0,12.8
2024-01-19 21:00:00,1380,2024-01-19,Friday,4,21,False,False,-4.0,0.0,0.0,10.4
2024-01-19 22:00:00,1165,2024-01-19,Friday,4,22,False,False,-4.6,0.0,0.0,5.6
2024-01-19 23:00:00,1009,2024-01-19,Friday,4,23,False,False,-4.0,0.0,0.0,12.6
2024-01-20 00:00:00,733,2024-01-20,Saturday,5,0,True,False,-4.0,0.0,0.0,16.6
2024-01-20 01:00:00,482,2024-01-20,Saturday,5,1,True,False,-4.9,0.0,0.0,18.6
2024-01-20 02:00:00,320,2024-01-20,Saturday,5,2,True,False,-5.7,0.0,0.0,20.2
2024-01-20 03:00:00,200,2024-01-20,Saturday,5,3,True,False,-6.7,0.0,0.0,20.1
2024-01-20 04:00:00,144,2024-01-20,Saturday,5,4,True,False,-7.4,0.0,0.0,18.6
2024-01-20 05:00:00,158,2024-01-20,Saturday,5,5,True,False,-7.8,0.0,0.0,17.5
2024-01-20 06:00:00,364,2024-01-20,Saturday,5,6,True,False,-7.9,0.0,0.0,15.9
2024-01-20 07:00:00,725,2024-01-20,Saturday,5,7,True,False,-8.1,0.0,0.0,14.1
2024-01-20 08:00:00,1421,2024-01-20,Saturday,5,8,True,False,-8.1,0.0,0.0,12.5
2024-01-20 09:00:00,1860,2024-01-20,Saturday,5,9,True,False,-7.6,0.0,0.0,15.6
2024-01-20 10:00:00,2401,2024-01-20,Saturday,5,10,True,False,-6.4,0.0,0.0,21.0
2024-01-20 11:00:00,2803,2024-01-20,Saturday,5,11,True,False,-5.5,0.0,0.0,22.0
2024-01-20 12:00:00,2968,2024-01-20,Saturday,5,12,True,False,-4.2,0.0,0.0,23.5
2024-01-20 13:00:00,3106,2024-01-20,Saturday,5,13,True,False,-3.6,0.0,0.0,24.2
2024-01-20 14:00:00,3133,2024-01-20,Saturday,5,14,True,False,-3.3,0.0,0.0,25.1
2024-01-20 15:00:00,3069,2024-01-20,Saturday,5,15,True,False,-3.7,0.0,0.0,25.7
2024-01-20 16:00:00,2821,2024-01-20,Saturday,5,16,True,False,-4.4,0.0,0.0,26.2
2024-01-20 17:00:00,2370,2024-01-20,Saturday,5,17,True,False,-5.3,0.0,0.0,25.2
2024-01-20 18:00:00,2133,2024-01-20,Saturday,5,18,True,False,-6.3,0.0,0.0,21.7
2024-01-20 19:00:00,1788,2024-01-20,Saturday,5,19,True,False,-6.7,0.0,0.0,21.6
2024-01-20 20:00:00,1353,2024-01-20,Saturday,5,20,True,False,-7.0,0.0,0.0,21.9
2024-01-20 21:00:00,1045,2024-01-20,Saturday,5,21,True,False,-7.2,0.0,0.0,23.0
2024-01-20 22:00:00,918,2024-01-20,Saturday,5,22,True,False,-7.2,0.0,0.0,23.5
2024-01-20 23:00:00,869,2024-01-20,Saturday,5,23,True,False,-7.5,0.0,0.0,22.8
2024-01-21 00:00:00,650,2024-01-21,Sunday,6,0,True,False,-7.3,0.0,0.0,22.7
2024-01-21 01:00:00,441,2024-01-21,Sunday,6,1,True,False,-7.2,0.0,0.0,20.9
2024-01-21 02:00:00,295,2024-01-21,Sunday,6,2,True,False,-7.1,0.0,0.0,19.1
2024-01-21 03:00:00,188,2024-01-21,Sunday,6,3,True,False,-6.6,0.0,0.0,19.4
2024-01-21 04:00:00,152,2024-01-21,Sunday,6,4,True,False,-6.7,0.0,0.0,19.1
2024-01-21 05:00:00,136,2024-01-21,Sunday,6,5,True,False,-6.9,0.0,0.0,19.9
2024-01-21 06:00:00,293,2024-01-21,Sunday,6,6,True,False,-7.1,0.0,0.0,20.1
2024-01-21 07:00:00,559,2024-01-21,Sunday,6,7,True,False,-7.2,0.0,0.0,18.8
2024-01-21 08:00:00,917,2024-01-21,Sunday,6,8,True,False,-7.5,0.0,0.0,17.6
2024-01-21 09:00:00,1517,2024-01-21,Sunday,6,9,True,False,-6.5,0.0,0.0,18.6
2024-01-21 10:00:00,2124,2024-01-21,Sunday,6,10,True,False,-5.6,0.0,0.0,22.5
2024-01-21 11:00:00,2639,2024-01-21,Sunday,6,11,True,False,-4.8,0.0,0.0,23.0
2024-01-21 12:00:00,2897,2024-01-21,Sunday,6,12,True,False,-3.6,0.0,0.0,23.2
2024-01-21 13:00:00,3152,2024-01-21,Sunday,6,13,True,False,-2.6,0.0,0.0,21.8
2024-01-21 14:00:00,3266,2024-01-21,Sunday,6,14,True,False,-1.6,0.0,0.0,22.3
2024-01-21 15:00:00,3354,2024-01-21,Sunday,6,15,True,False,-1.1,0.0,0.0,23.6
2024-01-21 16:00:00,3089,2024-01-21,Sunday,6,16,True,False,-1.1,0.0,0.0,23.1
2024-01-21 17:00:00,2655,2024-01-21,Sunday,6,17,True,False,-1.9,0.0,0.0,20.6
2024-01-21 18:00:00,2402,2024-01-21,Sunday,6,18,True,False,-3.5,0.0,0.0,16.6
2024-01-21 19:00:00,1729,2024-01-21,Sunday,6,19,True,False,-4.4,0.0,0.0,17.1
2024-01-21 20:00:00,1272,2024-01-21,Sunday,6,20,True,False,-4.8,0.0,0.0,16.8
2024-01-21 21:00:00,1131,2024-01-21,Sunday,6,21,True,False,-4.3,0.0,0.0,17.4
2024-01-21 22:00:00,880,2024-01-21,Sunday,6,22,True,False,-4.8,0.0,0.0,15.3
2024-01-21 23:00:00,541,2024-01-21,Sunday,6,23,True,False,-5.2,0.0,0.0,13.2
2024-01-22 00:00:00,324,2024-01-22,Monday,0,0,False,False,-5.7,0.0,0.0,13.0
2024-01-22 01:00:00,153,2024-01-22,Monday,0,1,False,False,-5.9,0.0,0.0,12.2
2024-01-22 02:00:00,104,2024-01-22,Monday,0,2,False,False,-6.1,0.0,0.0,10.8
2024-01-22 03:00:00,98,2024-01-22,Monday,0,3,False,False,-6.3,0.0,0.0,9.2
2024-01-22 04:00:00,148,2024-01-22,Monday,0,4,False,False,-6.4,0.0,0.0,8.1
2024-01-22 05:00:00,656,2024-01-22,Monday,0,5,False,False,-6.5,0.0,0.0,7.2
2024-01-22 06:00:00,1764,2024-01-22,Monday,0,6,False,False,-6.8,0.0,0.0,5.9
2024-01-22 07:00:00,3622,2024-01-22,Monday,0,7,False,False,-6.8,0.0,0.0,6.8
2024-01-22 08:00:00,5778,2024-01-22,Monday,0,8,False,False,-6.9,0.0,0.0,7.6
2024-01-22 09:00:00,3886,2024-01-22,Monday,0,9,False,False,-5.9,0.0,0.0,9.4
2024-01-22 10:00:00,2437,2024-01-22,Monday,0,10,False,False,-3.5,0.0,0.0,8.2
2024-01-22 11:00:00,2398,2024-01-22,Monday,0,11,False,False,-1.8,0.0,0.0,8.0
2024-01-22 12:00:00,2780,2024-01-22,Monday,0,12,False,False,0.0,0.0,0.0,10.2
2024-01-22 13:00:00,2953,2024-01-22,Monday,0,13,False,False,1.6,0.0,0.0,13.0
2024-01-22 14:00:00,3504,2024-01-22,Monday,0,14,False,False,2.7,0.0,0.0,14.3
2024-01-22 15:00:00,4063,2024-01-22,Monday,0,15,False,False,3.5,0.0,0.0,16.6
2024-01-22 16:00:00,4886,2024-01-22,Monday,0,16,False,False,3.6,0.0,0.0,16.6
2024-01-22 17:00:00,5060,2024-01-22,Monday,0,17,False,False,2.7,0.0,0.0,14.4
2024-01-22 18:00:00,5741,2024-01-22,Monday,0,18,False,False,0.9,0.0,0.0,13.2
2024-01-22 19:00:00,3979,2024-01-22,Monday,0,19,False,False,0.5,0.0,0.0,14.8
2024-01-22 20:00:00,2639,2024-01-22,Monday,0,20,False,False,-0.1,0.0,0.0,17.6
2024-01-22 21:00:00,1899,2024-01-22,Monday,0,21,False,False,-1.9,0.0,0.0,17.1
2024-01-22 22:00:00,1360,2024-01-22,Monday,0,22,False,False,-1.8,0.0,0.0,17.3
2024-01-22 23:00:00,802,2024-01-22,Monday,0,23,False,False,-2.5,0.0,0.0,16.6
2024-01-23 00:00:00,483,2024-01-23,Tuesday,1,0,False,False,-1.6,0.0,0.0,18.8
2024-01-23 01:00:00,220,2024-01-23,Tuesday,1,1,False,False,-1.0,0.0,0.0,18.7
2024-01-23 02:00:00,144,2024-01-23,Tuesday,1,2,False,False,-0.5,0.0,0.0,17.2
2024-01-23 03:00:00,113,2024-01-23,Tuesday,1,3,False,False,-1.0,0.0,0.0,12.7
2024-01-23 04:00:00,182,2024-01-23,Tuesday,1,4,False,False,-0.6,0.0,0.0,11.6
2024-01-23 05:00:00,767,2024-01-23,Tuesday,1,5,False,False,-0.4,0.0,0.0,14.6
2024-01-23 06:00:00,2200,2024-01-23,Tuesday,1,6,False,False,-0.2,0.0,0.0,12.7
2024-01-23 07:00:00,4552,2024-01-23,Tuesday,1,7,False,False,-0.6,0.0,0.0,12.7
2024-01-23 08:00:00,7268,2024-01-23,Tuesday,1,8,False,False,-0.7,0.0,0.0,11.3
2024-01-23 09:00:00,4914,2024-01-23,Tuesday,1,9,False,False,1.1,0.0,0.0,8.6
2024-01-23 10:00:00,2585,2024-01-23,Tuesday,1,10,False,False,2.3,0.0,0.0,9.8
2024-01-23 11:00:00,1961,2024-01-23,Tuesday,1,11,False,False,2.7,0.2,0.0,8.7
2024-01-23 12:00:00,2112,2024-01-23,Tuesday,1,12,False,False,1.8,0.7,0.0,7.1
2024-01-23 13:00:00,2872,2024-01-23,Tuesday,1,13,False,False,2.2,0.5,0.0,6.8
2024-01-23 14:00:00,3465,2024-01-23,Tuesday,1,14,False,False,3.0,0.3,0.0,6.8
2024-01-23 15:00:00,4140,2024-01-23,Tuesday,1,15,False,False,4.1,0.0,0.0,6.2
2024-01-23 16:00:00,5082,2024-01-23,Tuesday,1,16,False,False,4.6,0.0,0.0,6.8
2024-01-23 17:00:00,7131,2024-01-23,Tuesday,1,17,False,False,3.8,0.0,0.0,3.1
2024-01-23 18:00:00,6803,2024-01-23,Tuesday,1,18,False,False,3.3,0.0,0.0,3.5
2024-01-23 19:00:00,4901,2024-01-23,Tuesday,1,19,False,False,1.6,0.0,0.0,5.4
2024-01-23 20:00:00,3287,2024-01-23,Tuesday,1,20,False,False,0.6,0.0,0.0,5.5
2024-01-23 21:00:00,2490,2024-01-23,Tuesday,1,21,False,False,0.6,0.0,0.0,4.1
2024-01-23 22:00:00,1954,2024-01-23,Tuesday,1,22,False,False,0.5,0.0,0.0,3.3
2024-01-23 23:00:00,994,2024-01-23,Tuesday,1,23,False,False,-0.6,0.0,0.0,5.4
2024-01-24 00:00:00,568,2024-01-24,Wednesday,2,0,False,False,0.2,0.0,0.0,5.2
2024-01-24 01:00:00,315,2024-01-24,Wednesday,2,1,False,False,0.3,0.1,0.0,6.2
2024-01-24 02:00:00,177,2024-01-24,Wednesday,2,2,False,False,0.3,0.0,0.0,5.2
2024-01-24 03:00:00,141,2024-01-24,Wednesday,2,3,False,False,0.6,0.0,0.0,7.9
2024-01-24 04:00:00,191,2024-01-24,Wednesday,2,4,False,False,0.6,0.0,0.0,8.0
2024-01-24 05:00:00,750,2024-01-24,Wednesday,2,5,False,False,0.3,0.2,0.0,5.2
2024-01-24 06:00:00,2058,2024-01-24,Wednesday,2,6,False,False,0.1,0.2,0.0,6.4
2024-01-24 07:00:00,3693,2024-01-24,Wednesday,2,7,False,False,0.8,0.2,0.0,6.5
2024-01-24 08:00:00,6766,2024-01-24,Wednesday,2,8,False,False,0.4,0.1,0.0,4.7
2024-01-24 09:00:00,5102,2024-01-24,Wednesday,2,9,False,False,1.5,0.2,0.0,6.1
2024-01-24 10:00:00,3403,2024-01-24,Wednesday,2,10,False,False,3.2,0.1,0.0,6.5
2024-01-24 11:00:00,2988,2024-01-24,Wednesday,2,11,False,False,4.8,0.1,0.0,4.8
2024-01-24 12:00:00,3330,2024-01-24,Wednesday,2,12,False,False,5.1,0.2,0.0,5.8
2024-01-24 13:00:00,3154,2024-01-24,Wednesday,2,13,False,False,5.2,0.1,0.0,4.7
2024-01-24 14:00:00,3237,2024-01-24,Wednesday,2,14,False,False,5.2,0.1,0.0,4.6
2024-01-24 15:00:00,3424,2024-01-24,Wednesday,2,15,False,False,5.6,0.0,0.0,4.6
2024-01-24 16:00:00,4086,2024-01-24,Wednesday,2,16,False,False,5.2,0.1,0.0,4.9
2024-01-24 17:00:00,5652,2024-01-24,Wednesday,2,17,False,False,4.8,0.1,0.0,6.0
2024-01-24 18:00:00,5287,2024-01-24,Wednesday,2,18,False,False,4.2,0.2,0.0,6.9
2024-01-24 19:00:00,3431,2024-01-24,Wednesday,2,19,False,False,4.0,0.4,0.0,7.1
2024-01-24 20:00:00,2660,2024-01-24,Wednesday,2,20,False,False,3.8,0.2,0.0,7.3
2024-01-24 21:00:00,2366,2024-01-24,Wednesday,2,21,False,False,3.9,0.4,0.0,6.5
2024-01-24 22:00:00,1920,2024-01-24,Wednesday,2,22,False,False,3.8,0.2,0.0,9.4
2024-01-24 23:00:00,1170,2024-01-24,Wednesday,2,23,False,False,4.2,0.0,0.0,10.5
2024-01-25 00:00:00,551,2024-01-25,Thursday,3,0,False,False,5.2,0.3,0.0,8.9
2024-01-25 01:00:00,303,2024-01-25,Thursday,3,1,False,False,6.8,0.2,0.0,11.5
2024-01-25 02:00:00,190,2024-01-25,Thursday,3,2,False,False,7.5,0.1,0.0,12.0
2024-01-25 03:00:00,108,2024-01-25,Thursday,3,3,False,False,8.2,0.4,0.0,16.1
2024-01-25 04:00:00,128,2024-01-25,Thursday,3,4,False,False,9.2,0.3,0.0,20.3
2024-01-25 05:00:00,458,2024-01-25,Thursday,3,5,False,False,9.6,0.1,0.0,21.2
2024-01-25 06:00:00,1264,2024-01-25,Thursday,3,6,False,False,9.9,0.3,0.0,19.7
2024-01-25 07:00:00,2925,2024-01-25,Thursday,3,7,False,False,9.9,0.3,0.0,14.2
2024-01-25 08:00:00,4059,2024-01-25,Thursday,3,8,False,False,9.1,0.2,0.0,8.3
2024-01-25 09:00:00,3372,2024-01-25,Thursday,3,9,False,False,8.1,0.5,0.0,9.5
2024-01-25 10:00:00,2178,2024-01-25,Thursday,3,10,False,False,8.9,0.4,0.0,7.2
2024-01-25 11:00:00,2889,2024-01-25,Thursday,3,11,False,False,8.8,1.2,0.0,7.0
2024-01-25 12:00:00,3668,2024-01-25,Thursday,3,12,False,False,9.4,0.7,0.0,7.2
2024-01-25 13:00:00,3858,2024-01-25,Thursday,3,13,False,False,11.4,0.1,0.0,8.2
2024-01-25 14:00:00,4460,2024-01-25,Thursday,3,14,False,False,11.1,0.1,0.0,7.2
2024-01-25 15:00:00,5252,2024-01-25,Thursday,3,15,False,False,10.9,0.1,0.0,6.6
2024-01-25 16:00:00,6112,2024-01-25,Thursday,3,16,False,False,10.0,0.1,0.0,6.9
2024-01-25 17:00:00,8357,2024-01-25,Thursday,3,17,False,False,9.3,0.1,0.0,5.8
2024-01-25 18:00:00,7948,2024-01-25,Thursday,3,18,False,False,8.1,0.0,0.0,6.8
2024-01-25 19:00:00,5701,2024-01-25,Thursday,3,19,False,False,8.2,0.0,0.0,8.5
2024-01-25 20:00:00,4024,2024-01-25,Thursday,3,20,False,False,8.1,0.1,0.0,7.6
2024-01-25 21:00:00,3312,2024-01-25,Thursday,3,21,False,False,8.1,0.0,0.0,7.5
2024-01-25 22:00:00,2471,2024-01-25,Thursday,3,22,False,False,8.4,0.0,0.0,9.5
2024-01-25 23:00:00,1269,2024-01-25,Thursday,3,23,False,False,7.9,0.0,0.0,11.4
2024-01-26 00:00:00,713,2024-01-26,Friday,4,0,False,False,7.9,0.1,0.0,13.2
2024-01-26 01:00:00,349,2024-01-26,Friday,4,1,False,False,8.1,0.1,0.0,12.1
2024-01-26 02:00:00,211,2024-01-26,Friday,4,2,False,False,7.7,0.2,0.0,14.5
2024-01-26 03:00:00,122,2024-01-26,Friday,4,3,False,False,6.7,0.4,0.0,15.7
2024-01-26 04:00:00,139,2024-01-26,Friday,4,4,False,False,5.9,0.6,0.0,15.4
2024-01-26 05:00:00,445,2024-01-26,Friday,4,5,False,False,5.8,0.8,0.0,10.4
2024-01-26 06:00:00,1328,2024-01-26,Friday,4,6,False,False,5.7,0.5,0.0,13.5
2024-01-26 07:00:00,2640,2024-01-26,Friday,4,7,False,False,5.6,0.4,0.0,14.6
2024-01-26 08:00:00,4004,2024-01-26,Friday,4,8,False,False,5.8,0.3,0.0,12.0
2024-01-26 09:00:00,3441,2024-01-26,Friday,4,9,False,False,5.4,0.2,0.0,11.4
2024-01-26 10:00:00,2380,2024-01-26,Friday,4,10,False,False,5.8,0.3,0.0,12.0
2024-01-26 11:00:00,3164,2024-01-26,Friday,4,11,False,False,6.1,0.2,0.0,12.3
2024-01-26 12:00:00,3907,2024-01-26,Friday,4,12,False,False,5.8,0.5,0.0,13.6
2024-01-26 13:00:00,4234,2024-01-26,Friday,4,13,False,False,6.3,0.0,0.0,13.3
2024-01-26 14:00:00,4860,2024-01-26,Friday,4,14,False,False,7.1,0.0,0.0,11.2
2024-01-26 15:00:00,5456,2024-01-26,Friday,4,15,False,False,7.4,0.0,0.0,8.4
2024-01-26 16:00:00,6192,2024-01-26,Friday,4,16,False,False,8.1,0.0,0.0,6.5
2024-01-26 17:00:00,7313,2024-01-26,Friday,4,17,False,False,8.3,0.0,0.0,3.4
2024-01-26 18:00:00,5891,2024-01-26,Friday,4,18,False,False,7.8,0.0,0.0,2.5
2024-01-26 19:00:00,4466,2024-01-26,Friday,4,19,False,False,5.8,0.0,0.0,3.3
2024-01-26 20:00:00,3640,2024-01-26,Friday,4,20,False,False,4.5,0.0,0.0,2.3
2024-01-26 21:00:00,2893,2024-01-26,Friday,4,21,False,False,4.0,0.0,0.0,4.4
2024-01-26 22:00:00,2445,2024-01-26,Friday,4,22,False,False,3.4,0.0,0.0,4.8
2024-01-26 23:00:00,2071,2024-01-26,Friday,4,23,False,False,3.2,0.0,0.0,3.5
2024-01-27 00:00:00,1589,2024-01-27,Saturday,5,0,True,False,3.2,0.0,0.0,3.1
2024-01-27 01:00:00,1232,2024-01-27,Saturday,5,1,True,False,3.0,0.0,0.0,4.2
2024-01-27 02:00:00,800,2024-01-27,Saturday,5,2,True,False,3.0,0.0,0.0,6.0
2024-01-27 03:00:00,545,2024-01-27,Saturday,5,3,True,False,3.0,0.0,0.0,7.4
2024-01-27 04:00:00,341,2024-01-27,Saturday,5,4,True,False,3.0,0.0,0.0,8.4
2024-01-27 05:00:00,290,2024-01-27,Saturday,5,5,True,False,2.8,0.0,0.0,10.1
2024-01-27 06:00:00,654,2024-01-27,Saturday,5,6,True,False,3.2,0.0,0.0,11.9
2024-01-27 07:00:00,1312,2024-01-27,Saturday,5,7,True,False,3.5,0.0,0.0,10.4
2024-01-27 08:00:00,2445,2024-01-27,Saturday,5,8,True,False,3.5,0.0,0.0,11.7
2024-01-27 09:00:00,3674,2024-01-27,Saturday,5,9,True,False,5.1,0.0,0.0,10.8
2024-01-27 10:00:00,4762,2024-01-27,Saturday,5,10,True,False,5.9,0.0,0.0,11.4
2024-01-27 11:00:00,5743,2024-01-27,Saturday,5,11,True,False,6.8,0.0,0.0,9.6
2024-01-27 12:00:00,6258,2024-01-27,Saturday,5,12,True,False,7.8,0.0,0.0,10.1
2024-01-27 13:00:00,6507,2024-01-27,Saturday,5,13,True,False,8.2,0.0,0.0,13.0
2024-01-27 14:00:00,6474,2024-01-27,Saturday,5,14,True,False,8.2,0.0,0.0,12.6
2024-01-27 15:00:00,6325,2024-01-27,Saturday,5,15,True,False,8.3,0.0,0.0,8.4
2024-01-27 16:00:00,6068,2024-01-27,Saturday,5,16,True,False,8.6,0.0,0.0,6.8
2024-01-27 17:00:00,5449,2024-01-27,Saturday,5,17,True,False,8.3,0.0,0.0,6.0
2024-01-27 18:00:00,4811,2024-01-27,Saturday,5,18,True,False,7.6,0.0,0.0,6.5
2024-01-27 19:00:00,4196,2024-01-27,Saturday,5,19,True,False,6.8,0.0,0.0,6.2
2024-01-27 20:00:00,3238,2024-01-27,Saturday,5,20,True,False,6.2,0.0,0.0,5.4
2024-01-27 21:00:00,2866,2024-01-27,Saturday,5,21,True,False,4.9,0.0,0.0,5.7
2024-01-27 22:00:00,2460,2024-01-27,Saturday,5,22,True,False,3.7,0.0,0.0,6.0
2024-01-27 23:00:00,2111,2024-01-27,Saturday,5,23,True,False,3.9,0.0,0.0,8.9
2024-01-28 00:00:00,1749,2024-01-28,Sunday,6,0,True,False,3.9,0.0,0.0,7.3
2024-01-28 01:00:00,912,2024-01-28,Sunday,6,1,True,False,4.0,0.1,0.0,4.9
2024-01-28 02:00:00,375,2024-01-28,Sunday,6,2,True,False,3.8,0.1,0.0,4.2
2024-01-28 03:00:00,178,2024-01-28,Sunday,6,3,True,False,3.9,0.5,0.0,8.0
2024-01-28 04:00:00,93,2024-01-28,Sunday,6,4,True,False,3.7,1.2,0.0,10.4
2024-01-28 05:00:00,98,2024-01-28,Sunday,6,5,True,False,3.5,2.2,0.0,12.7
2024-01-28 06:00:00,168,2024-01-28,Sunday,6,6,True,False,3.3,2.2,0.0,11.6
2024-01-28 07:00:00,305,2024-01-28,Sunday,6,7,True,False,3.3,1.4,0.0,13.9
2024-01-28 08:00:00,394,2024-01-28,Sunday,6,8,True,False,3.3,2.8,0.0,11.3
2024-01-28 09:00:00,861,2024-01-28,Sunday,6,9,True,False,3.5,1.9,0.0,14.7
2024-01-28 10:00:00,2100,2024-01-28,Sunday,6,10,True,False,3.5,3.3,0.0,16.8
2024-01-28 11:00:00,2275,2024-01-28,Sunday,6,11,True,False,3.6,0.7,0.0,20.0
2024-01-28 12:00:00,2142,2024-01-28,Sunday,6,12,True,False,4.1,0.1,0.0,28.2
2024-01-28 13:00:00,2115,2024-01-28,Sunday,6,13,True,False,4.2,0.1,0.0,28.8
2024-01-28 14:00:00,2224,2024-01-28,Sunday,6,14,True,False,3.7,0.6,0.0,22.4
2024-01-28 15:00:00,2048,2024-01-28,Sunday,6,15,True,False,3.2,0.6,0.0,23.2
2024-01-28 16:00:00,2069,2024-01-28,Sunday,6,16,True,False,3.2,0.6,0.0,22.7
2024-01-28 17:00:00,1615,2024-01-28,Sunday,6,17,True,False,3.2,0.7,0.0,20.1
2024-01-28 18:00:00,1944,2024-01-28,Sunday,6,18,True,False,3.0,1.0,0.0,21.3
2024-01-28 19:00:00,1625,2024-01-28,Sunday,6,19,True,False,2.6,0.7,0.0,24.2
2024-01-28 20:00:00,1438,2024-01-28,Sunday,6,20,True,False,2.5,0.2,0.0,24.9
2024-01-28 21:00:00,1222,2024-01-28,Sunday,6,21,True,False,2.7,0.1,0.0,21.0
2024-01-28 22:00:00,1100,2024-01-28,Sunday,6,22,True,False,2.5,0.1,0.0,20.3
2024-01-28 23:00:00,672,2024-01-28,Sunday,6,23,True,False,2.6,0.1,0.0,19.6
2024-01-29 00:00:00,379,2024-01-29,Monday,0,0,False,False,2.3,0.0,0.0,19.1
2024-01-29 01:00:00,181,2024-01-29,Monday,0,1,False,False,2.2,0.0,0.0,19.6
2024-01-29 02:00:00,123,2024-01-29,Monday,0,2,False,False,2.2,0.0,0.0,19.9
2024-01-29 03:00:00,84,2024-01-29,Monday,0,3,False,False,2.2,0.1,0.0,19.8
2024-01-29 04:00:00,162,2024-01-29,Monday,0,4,False,False,2.0,0.2,0.0,18.2
2024-01-29 05:00:00,615,2024-01-29,Monday,0,5,False,False,2.1,0.1,0.0,18.9
2024-01-29 06:00:00,1685,2024-01-29,Monday,0,6,False,False,2.2,0.0,0.0,20.0
2024-01-29 07:00:00,3768,2024-01-29,Monday,0,7,False,False,2.3,0.1,0.0,19.4
2024-01-29 08:00:00,6059,2024-01-29,Monday,0,8,False,False,2.3,0.0,0.0,20.7
2024-01-29 09:00:00,4426,2024-01-29,Monday,0,9,False,False,2.7,0.1,0.0,10.8
2024-01-29 10:00:00,3135,2024-01-29,Monday,0,10,False,False,3.0,0.0,0.0,13.8
2024-01-29 11:00:00,2824,2024-01-29,Monday,0,11,False,False,3.5,0.0,0.0,20.5
2024-01-29 12:00:00,3341,2024-01-29,Monday,0,12,False,False,4.0,0.1,0.0,23.5
2024-01-29 13:00:00,3601,2024-01-29,Monday,0,13,False,False,4.7,0.0,0.0,25.4
2024-01-29 14:00:00,4064,2024-01-29,Monday,0,14,False,False,5.5,0.0,0.0,27.6
2024-01-29 15:00:00,4519,2024-01-29,Monday,0,15,False,False,5.8,0.0,0.0,27.0
2024-01-29 16:00:00,5238,2024-01-29,Monday,0,16,False,False,5.6,0.0,0.0,24.8
2024-01-29 17:00:00,7195,2024-01-29,Monday,0,17,False,False,5.1,0.0,0.0,22.5
2024-01-29 18:00:00,6574,2024-01-29,Monday,0,18,False,False,3.7,0.0,0.0,13.8
2024-01-29 19:00:00,4789,2024-01-29,Monday,0,19,False,False,1.9,0.0,0.0,8.8
2024-01-29 20:00:00,3209,2024-01-29,Monday,0,20,False,False,0.8,0.0,0.0,8.4
2024-01-29 21:00:00,2235,2024-01-29,Monday,0,21,False,False,2.0,0.0,0.0,8.8
2024-01-29 22:00:00,1587,2024-01-29,Monday,0,22,False,False,1.7,0.0,0.0,10.4
2024-01-29 23:00:00,941,2024-01-29,Monday,0,23,False,False,0.6,0.0,0.0,9.6
2024-01-30 00:00:00,545,2024-01-30,Tuesday,1,0,False,False,-0.6,0.0,0.0,9.9
2024-01-30 01:00:00,233,2024-01-30,Tuesday,1,1,False,False,-0.9,0.0,0.0,10.9
2024-01-30 02:00:00,165,2024-01-30,Tuesday,1,2,False,False,-1.8,0.0,0.0,10.1
2024-01-30 03:00:00,129,2024-01-30,Tuesday,1,3,False,False,-2.5,0.0,0.0,10.1
2024-01-30 04:00:00,197,2024-01-30,Tuesday,1,4,False,False,-3.0,0.0,0.0,11.7
2024-01-30 05:00:00,824,2024-01-30,Tuesday,1,5,False,False,-3.2,0.0,0.0,11.5
2024-01-30 06:00:00,2385,2024-01-30,Tuesday,1,6,False,False,-3.4,0.0,0.0,11.5
2024-01-30 07:00:00,5108,2024-01-30,Tuesday,1,7,False,False,-3.7,0.0,0.0,9.7
2024-01-30 08:00:00,8143,2024-01-30,Tuesday,1,8,False,False,-4.0,0.0,0.0,9.0
2024-01-30 09:00:00,5679,2024-01-30,Tuesday,1,9,False,False,-1.7,0.0,0.0,9.8
2024-01-30 10:00:00,3394,2024-01-30,Tuesday,1,10,False,False,0.0,0.0,0.0,7.6
2024-01-30 11:00:00,3104,2024-01-30,Tuesday,1,11,False,False,1.9,0.0,0.0,5.8
2024-01-30 12:00:00,3457,2024-01-30,Tuesday,1,12,False,False,3.3,0.0,0.0,4.0
2024-01-30 13:00:00,3585,2024-01-30,Tuesday,1,13,False,False,4.2,0.0,0.0,6.9
2024-01-30 14:00:00,3981,2024-01-30,Tuesday,1,14,False,False,4.3,0.0,0.0,8.7
2024-01-30 15:00:00,4780,2024-01-30,Tuesday,1,15,False,False,4.0,0.0,0.0,11.9
2024-01-30 16:00:00,5724,2024-01-30,Tuesday,1,16,False,False,3.4,0.0,0.0,12.1
2024-01-30 17:00:00,8031,2024-01-30,Tuesday,1,17,False,False,3.0,0.0,0.0,11.5
2024-01-30 18:00:00,7002,2024-01-30,Tuesday,1,18,False,False,2.3,0.0,0.0,9.3
2024-01-30 19:00:00,4571,2024-01-30,Tuesday,1,19,False,False,1.9,0.0,0.0,9.4
2024-01-30 20:00:00,2683,2024-01-30,Tuesday,1,20,False,False,1.7,0.0,0.0,10.7
2024-01-30 21:00:00,2080,2024-01-30,Tuesday,1,21,False,False,1.5,0.0,0.0,9.1
2024-01-30 22:00:00,1482,2024-01-30,Tuesday,1,22,False,False,1.6,0.0,0.0,12.1
2024-01-30 23:00:00,952,2024-01-30,Tuesday,1,23,False,False,1.6,0.0,0.0,11.2
2024-01-31 00:00:00,548,2024-01-31,Wednesday,2,0,False,False,1.7,0.0,0.0,9.8
2024-01-31 01:00:00,240,2024-01-31,Wednesday,2,1,False,False,1.6,0.0,0.0,10.4
2024-01-31 02:00:00,140,2024-01-31,Wednesday,2,2,False,False,1.5,0.1,0.0,10.7
2024-01-31 03:00:00,121,2024-01-31,Wednesday,2,3,False,False,1.5,0.1,0.0,10.8
2024-01-31 04:00:00,211,2024-01-31,Wednesday,2,4,False,False,1.5,0.0,0.0,10.0
2024-01-31 05:00:00,831,2024-01-31,Wednesday,2,5,False,False,1.4,0.0,0.0,9.4
2024-01-31 06:00:00,2233,2024-01-31,Wednesday,2,6,False,False,1.3,0.0,0.0,8.4
2024-01-31 07:00:00,4936,2024-01-31,Wednesday,2,7,False,False,1.2,0.0,0.0,6.9
2024-01-31 08:00:00,7795,2024-01-31,Wednesday,2,8,False,False,1.1,0.0,0.0,8.2
2024-01-31 09:00:00,5563,2024-01-31,Wednesday,2,9,False,False,1.0,0.0,0.0,7.5
2024-01-31 10:00:00,3566,2024-01-31,Wednesday,2,10,False,False,1.8,0.0,0.0,8.7
2024-01-31 11:00:00,3346,2024-01-31,Wednesday,2,11,False,False,3.0,0.0,0.0,11.2
2024-01-31 12:00:00,3603,2024-01-31,Wednesday,2,12,False,False,4.3,0.0,0.0,8.6
2024-01-31 13:00:00,3713,2024-01-31,Wednesday,2,13,False,False,4.4,0.0,0.0,8.1
2024-01-31 14:00:00,4296,2024-01-31,Wednesday,2,14,False,False,4.3,0.0,0.0,9.1
2024-01-31 15:00:00,4874,2024-01-31,Wednesday,2,15,False,False,4.3,0.0,0.0,6.5
2024-01-31 16:00:00,5808,2024-01-31,Wednesday,2,16,False,False,4.2,0.0,0.0,5.4
2024-01-31 17:00:00,8015,2024-01-31,Wednesday,2,17,False,False,4.2,0.0,0.0,4.5
2024-01-31 18:00:00,7634,2024-01-31,Wednesday,2,18,False,False,3.6,0.0,0.0,5.4
2024-01-31 19:00:00,5412,2024-01-31,Wednesday,2,19,False,False,2.8,0.0,0.0,9.0
2024-01-31 20:00:00,3682,2024-01-31,Wednesday,2,20,False,False,1.8,0.0,0.0,5.2
2024-01-31 21:00:00,2824,2024-01-31,Wednesday,2,21,False,False,1.2,0.0,0.0,4.8
2024-01-31 22:00:00,2014,2024-01-31,Wednesday,2,22,False,False,-0.6,0.0,0.0,8.4
2024-01-31 23:00:00,1200,2024-01-31,Wednesday,2,23,False,False,-1.1,0.0,0.0,7.9
